{
    "sphere_radius": 0.025,
    "sphere_points": [[0.5, 0.5, 1],
                      [0.7, 0.3, 0.5],
                      [0.7, 1, 0.3],
                      [0.34, 1, 0.3],
                      [-0.34, 1, 0.35],
                      [0.34, 0.8, -0.3],
                      [-0.7, 0.5, 0.4],
                      [0.34, 0.4, 0.3],
                      [0.34, 0.8, -0.3]],
    "joint_limits_actual": [3.14, 1.04, 2.26, 3.14, 1.91, 3.14],
    "joint_limits_circle": [3.14, 1.57, 2.26, 3.14, 1.91, 3.14],
    "exclude_base_tool": false,
    "bypass_sphere_models": true,
    "angle_distribution_interval": 0.03,
    "linear_distribution_interval": 0.004,
    "base_distribution_interval": 0.01,
    "tool_distribution_interval": 0.01,
    "initial_rotation_matrix": [[0, 1,  0],
                                [1, 0,  0],
                                [0, 0, -1]],
    "nominal_dh": [[0,     1.5708,  0.19,   1.5708,  0], 
                   [0.8,   0,       0,      1.5708,  1], 
                   [0.72,  0,       0,      0,       1], 
                   [0,    -1.5708, -0.191, -1.5708,  0], 
                   [0,    -1.5708,  0.13,   0,       0], 
                   [0,     0,       0.069,  0,       0]],
                   
    "nominal_base_params": [1.28, 0.789, 0.66, 1.25156, 0.7641, 1.53738],
    "nominal_tool_params": [0, 0, 0, 0, 0, 1.5708],

    "real_dh": [[0.002,   1.56,    0.192,    1.56,    0], 
                [0.801,   0.005,   0.003,    1.55,    1], 
                [0.722,   0.001,   0.001,    0.004,   1], 
                [0.001,  -1.57,   -0.191,   -1.6,     0], 
                [-0.001, -1.57,    0.1305,   0.02,    0], 
                [0.005,   0.01,    0.0685,  -0.015,   0]],

    "real_base_params": [1.3, 0.81, 0.67, 1.25, 0.76, 1.56],
    "real_tool_params": [0, 0, 0, 0, 0, 1.5708],

    "calibration_method": "random",
    "optimization_method": "levenberg_marquardt",
    "dataset_file": "data3.csv",
    "results_file": "results.json",
    "samples_number": 50
}