{
  "joint_limits_general_h": [
    1.57,
    1.04,
    2.06,
    1.57,
    1.91,
    3.14
  ],
  "joint_limits_general_l": [
    -1.57,
    -1.04,
    -0.78,
    -1.57,
    -1.91,
    -3.14
  ],
  "joint_limits_circle_h": [
    1.57,
    1.04,
    2.26,
    3.14,
    3.14,
    3.14
  ],
  "joint_limits_circle_l": [
    -1.57,
    -1.04,
    -2.26,
    -3.14,
    -3.14,
    -3.14
  ],
  "nominal_dh": [
    [
      0,
      1.5708,
      0.19,
      1.5708,
      0
    ],
    [
      0.8,
      0,
      0,
      1.5708,
      1
    ],
    [
      0.72,
      0,
      0,
      0,
      1
    ],
    [
      0,
      -1.5708,
      -0.191,
      -1.5708,
      0
    ],
    [
      0,
      -1.5708,
      0.13,
      0,
      0
    ],
    [
      0,
      0,
      0.069,
      0,
      0
    ]
  ],
  "nominal_base_params": [
    0.7362347841262817,
    -1.5387358665466309,
    -1.6647652387619019,
    -1.5103593960088835,
    0.0003251832137642907,
    1.5683597247231025
  ],
  "nominal_tool_params": [
    0,
    0,
    0,
    0,
    0,
    1.5708
  ],
  "real_dh": [
    [
      0.002,
      1.56,
      0.192,
      1.5,
      0
    ],
    [
      0.801,
      0.005,
      0.003,
      1.55,
      1
    ],
    [
      0.722,
      0.001,
      0.001,
      0.004,
      1
    ],
    [
      0.001,
      -1.57,
      -0.191,
      -1.6,
      0
    ],
    [
      -0.003,
      -1.57,
      0.1305,
      0.02,
      0
    ],
    [
      0.005,
      0.01,
      0.0685,
      -0.015,
      0
    ]
  ],
  "real_base_params": [
    1.3,
    0.81,
    0.67,
    1.25,
    0.76,
    0.77
  ],
  "real_tool_params": [
    0,
    0,
    0,
    0,
    0,
    1.5708
  ],
  "optimization_method": "levenberg_marquardt",
  "dataset_file": "data_exp_3.csv",
  "base_circles_dataset_file": "base_circles_exp_3.csv",
  "tool_circles_dataset_file": "tool_circles_exp_3.csv",
  "results_file": "results.json",
  "general_samples_number": 60,
  "circle_samples_number": 50
}