{
  "joint_limits_general_h": [
    3.14,
    0.62,
    2.06,
    1.57,
    1.91,
    3.14
  ],
  "joint_limits_general_l": [
    -3.14,
    -0.62,
    -2.06,
    -1.57,
    -1.91,
    -3.14
  ],
  "joint_limits_circle_h": [
    3.14,
    1.04,
    2.26,
    3.14,
    3.14,
    3.14
  ],
  "joint_limits_circle_l": [
     0,
    -1.04,
    -2.26,
    -3.14,
    -3.14,
    -3.14
  ],
  "cartesian_limits": [
    [
      -10,
      10
    ],
    [
      -10,
      10
    ],
    [
      -10,
      10
    ]
  ],
  "nominal_dh": [
    [
      0,
      1.5708,
      0.151,
      1.5708,
      0
    ],
    [
      0.46,
      0,
      0,
      1.5708,
      1
    ],
    [
      0.27,
      0,
      0,
      0,
      1
    ],
    [
      0,
      -1.5708,
      -0.1765,
      -1.5708,
      0
    ],
    [
      0,
      -1.5708,
      0.12,
      0,
      0
    ],
    [
      0,
      0,
      0.098,
      0,
      0
    ]
  ],
  "nominal_base_params": [
    1.3,
    0.81,
    0.67,
    0,
    0,
    0
  ],
  "nominal_tool_params": [
    0,
    0,
    0,
    0,
    0,
    0
  ],
  "real_dh": [
    [
      0.002,
      1.56,
      0.153,
      1.5,
      0
    ],
    [
      0.465,
      0.005,
      0.003,
      1.55,
      1
    ],
    [
      0.269,
      0.001,
      0.001,
      0.004,
      1
    ],
    [
      0.001,
      -1.57,
      -0.17,
      -1.6,
      0
    ],
    [
      -0.003,
      -1.58,
      0.122,
      0.02,
      0
    ],
    [
      0.005,
      0.01,
      0.0984,
      -0.015,
      0
    ]
  ],
  "real_base_params": [
    1.3,
    0.81,
    0.67,
    1.25,
    0.76,
    0.77
  ],
  "real_tool_params": [
    0,
    0,
    0,
    0,
    0,
    0
  ],
  "zero_tracker_position": [
    0.007356013595942512,
    1.3712003613502324,
    2.6004491243440655
  ],
  "max_z_angle": 0.52,
  "optimization_method": "levenberg_marquardt",
  "dataset_file": "data_7.csv",
  "base_circles_dataset_file": "base_circles_7.csv",
  "tool_circles_dataset_file": "tool_circles_7.csv",
  "results_file": "results.json",
  "general_samples_number": 60,
  "circle_samples_number": 20
}