{"estimated_dh": [[-0.0029977508371366065, 1.5797628286689949, 0.19, 1.5546983442211548, 0.0], [0.7935190326099809, 0.0, -0.01567630929192041, 1.5772541845396273, 1.0], [0.7215125201713023, 0.00412268925834996, -0.009302434474407133, -0.020260297516994985, 1.0], [0.0009163034589744134, -1.5669394742332947, -0.191, -1.5526693669497194, 0.0], [0.0005550923126600401, -1.7765525444686328, 0.1463305458791695, 0.00035445593588945225, 0.0], [0.0007488760917566215, 0.0, 0.08970394433287063, 0.00019034440196595207, 0.0]], "estimated_base_params": [0.800671189247873, -1.5569507553405837, -1.7503588418099063, 0.026761819476341826, -0.7654857944349859, -1.5960748606322612], "estimated_tool_params": [0.0, 0.0, 0.0, 0.0, 0.0, 1.5708], "mcx_params": [[-0.0029977508371366065, 0, 0.19, 0, 0, -0.00896650187409831], [0, 0, 0.7935190326099809, 0.0, 0.01567630929192041, 0], [0, 0, 0.7215125201713023, 0.00412268925834996, 0.009302434474407133, 0], [-0.0009163034589744134, -0.191, 0, 0, 0, -0.0038568525616018423], [0.0005550923126600401, 0, 0.1463305458791695, 0, 0, -3.347348871263529], [-0.0007488760917566215, 0.08970394433287063, 0, 0, 0, -0.0]], "offsets": [0.008962828668994893, -1.5708, 0.0041228676418098706, 0.0038605257667050363, -1.7765525444686328, 0.0]}