{"estimated_dh": [[0.001999919664482451, 1.5599996330419166, 0.1920001117282539, 1.560000358444816, 0.0], [0.8010000186070324, 0.005000178895512688, 0.0030007447860523383, 1.5499997206238378, 1.0], [0.721999910097069, 0.0008479536765925072, 0.0008369873290691684, 0.004001358343304663, 1.0], [0.001001038753729377, -1.5702225098630813, -0.1910262899720798, -1.5875427664523822, 0.0], [-0.0010007336795595978, -1.5705919594824163, 0.13047204170109455, 0.0035286411260465034, 0.0], [0.004998971792096774, 0.0, 0.06848554747174794, -1.4692580878942795e-05, 0.0]], "estimated_base_params": [0.0, 0.0, 0.0, 0.0, 0.0, 1.5708], "estimated_tool_params": [0.0, 0.0, 0.0, 0.0, 0.0, 0.0], "mcx_params": [[0.001999919664482451, 0, 0.1920001117282539, 0, 0, 0.01079669375297998], [0, 0, 0.8010000186070324, 0.005000178895512688, -0.0030007447860523383, 0], [0, 0, 0.721999910097069, 0.0008479536765925072, -0.0008369873290691684, 0], [-0.001001038753729377, -0.1910262899720798, 0, 0, 0, -0.0005738169318152408], [-0.0010007336795595978, 0, 0.13047204170109455, 0, 0, -3.141388286277313], [-0.004998971792096774, 0.06848554747174794, 0, 0, 0, -0.0]], "offsets": [-0.01079964155518387, -0.020785275132900294, 0.004002068069868289, -0.016742766452382263, 0.0035286411260465034, -1.4692580878942795e-05]}